-- Seed demo data for local/frontend testing.
-- Safe to re-run: uses deterministic UUIDs and upserts.

CREATE EXTENSION IF NOT EXISTS "uuid-ossp";

CREATE TABLE IF NOT EXISTS insurer_profiles (
  id UUID PRIMARY KEY DEFAULT uuid_generate_v4(),
  name VARCHAR(255) NOT NULL,
  email VARCHAR(255) UNIQUE,
  phone_number VARCHAR(20) UNIQUE,
  role VARCHAR(50) NOT NULL DEFAULT 'admin',
  created_at TIMESTAMP DEFAULT NOW(),
  updated_at TIMESTAMP DEFAULT NOW()
);

INSERT INTO insurer_profiles (id, name, email, phone_number, role, created_at, updated_at)
VALUES (
  '90000000-0000-0000-0000-000000000001',
  'Daksh Gehlot',
  'daksh.gehlot@gigguard.in',
  '+91-90000-00099',
  'admin',
  NOW() - INTERVAL '120 days',
  NOW()
)
ON CONFLICT (id) DO UPDATE SET
  name = EXCLUDED.name,
  email = EXCLUDED.email,
  phone_number = EXCLUDED.phone_number,
  role = EXCLUDED.role,
  updated_at = NOW();

INSERT INTO workers (
  id,
  name,
  phone_number,
  platform,
  city,
  zone,
  home_hex_id,
  active_hex_id,
  avg_daily_earning,
  zone_multiplier,
  history_multiplier,
  experience_tier,
  upi_vpa,
  gnn_risk_score,
  created_at,
  updated_at
)
VALUES
  (
    '10000000-0000-0000-0000-000000000101',
    'Arjun Mehta',
    '9000000001',
    'zomato',
    'mumbai',
    'Andheri West',
    614187953641488383,
    614187953649876991,
    1250,
    1.28,
    1.08,
    'veteran',
    'arjun@okhdfcbank',
    0.14,
    NOW() - INTERVAL '420 days',
    NOW()
  ),
  (
    '10000000-0000-0000-0000-000000000102',
    'Priya Nair',
    '9000000002',
    'swiggy',
    'mumbai',
    'Bandra East',
    614187954218205183,
    614187954218205183,
    980,
    1.16,
    1.02,
    'mid',
    'priya@okaxis',
    0.29,
    NOW() - INTERVAL '210 days',
    NOW()
  ),
  (
    '10000000-0000-0000-0000-000000000103',
    'Sameer Khan',
    '9000000003',
    'zomato',
    'delhi',
    'Connaught Place',
    613573741886046207,
    613573741888143359,
    1350,
    1.34,
    1.21,
    'veteran',
    'sameer@okicici',
    0.22,
    NOW() - INTERVAL '500 days',
    NOW()
  ),
  (
    '10000000-0000-0000-0000-000000000104',
    'Neha Joshi',
    '9000000004',
    'swiggy',
    'bangalore',
    'Indiranagar',
    614205418498949119,
    614205418490560511,
    1100,
    0.94,
    0.90,
    'new',
    'neha@oksbi',
    0.09,
    NOW() - INTERVAL '75 days',
    NOW()
  ),
  (
    '10000000-0000-0000-0000-000000000105',
    'Ravi Verma',
    '9000000005',
    'zomato',
    'chennai',
    'T Nagar',
    614205633347977215,
    614205633347977215,
    1050,
    1.05,
    0.98,
    'mid',
    'ravi@okhdfcbank',
    0.18,
    NOW() - INTERVAL '160 days',
    NOW()
  ),
  (
    '10000000-0000-0000-0000-000000000106',
    'Isha Reddy',
    '9000000006',
    'swiggy',
    'hyderabad',
    'Banjara Hills',
    614189555716718591,
    614189555716718591,
    1150,
    1.22,
    1.10,
    'mid',
    'isha@okaxis',
    0.24,
    NOW() - INTERVAL '280 days',
    NOW()
  )
ON CONFLICT (id) DO UPDATE SET
  name = EXCLUDED.name,
  phone_number = EXCLUDED.phone_number,
  platform = EXCLUDED.platform,
  city = EXCLUDED.city,
  zone = EXCLUDED.zone,
  home_hex_id = EXCLUDED.home_hex_id,
  active_hex_id = EXCLUDED.active_hex_id,
  avg_daily_earning = EXCLUDED.avg_daily_earning,
  zone_multiplier = EXCLUDED.zone_multiplier,
  history_multiplier = EXCLUDED.history_multiplier,
  experience_tier = EXCLUDED.experience_tier,
  upi_vpa = EXCLUDED.upi_vpa,
  gnn_risk_score = EXCLUDED.gnn_risk_score,
  updated_at = NOW();

WITH week AS (
  SELECT
    date_trunc('week', CURRENT_DATE)::date AS week_start,
    (date_trunc('week', CURRENT_DATE)::date + INTERVAL '6 days')::date AS week_end,
    (date_trunc('week', CURRENT_DATE)::date - INTERVAL '7 days')::date AS prev_week_start,
    (date_trunc('week', CURRENT_DATE)::date - INTERVAL '1 day')::date AS prev_week_end,
    (date_trunc('week', CURRENT_DATE)::date - INTERVAL '14 days')::date AS prev2_week_start,
    (date_trunc('week', CURRENT_DATE)::date - INTERVAL '8 days')::date AS prev2_week_end
)
INSERT INTO policies (
  id,
  worker_id,
  zone,
  coverage_amount,
  premium_paid,
  week_start,
  week_end,
  active,
  status,
  recommended_arm,
  arm_accepted,
  context_key,
  razorpay_order_id,
  razorpay_payment_id,
  purchased_at,
  created_at,
  updated_at
)
SELECT
  policy_id,
  worker_id,
  zone,
  coverage_amount,
  premium_paid,
  week_start,
  week_end,
  active,
  status,
  recommended_arm,
  arm_accepted,
  context_key,
  razorpay_order_id,
  razorpay_payment_id,
  purchased_at,
  created_at,
  updated_at
FROM (
  SELECT
    '20000000-0000-0000-0000-000000000201'::uuid AS policy_id,
    '10000000-0000-0000-0000-000000000101'::uuid AS worker_id,
    'Andheri West'::varchar AS zone,
    800::numeric AS coverage_amount,
    79::numeric AS premium_paid,
    (SELECT week_start FROM week) AS week_start,
    (SELECT week_end FROM week) AS week_end,
    true AS active,
    'active'::varchar AS status,
    3 AS recommended_arm,
    true AS arm_accepted,
    'zomato_mumbai_veteran_summer_high'::varchar AS context_key,
    'order_demo_201'::varchar AS razorpay_order_id,
    'pay_demo_201'::varchar AS razorpay_payment_id,
    NOW() - INTERVAL '1 day' AS purchased_at,
    NOW() - INTERVAL '1 day' AS created_at,
    NOW() AS updated_at
  UNION ALL
  SELECT
    '20000000-0000-0000-0000-000000000202'::uuid,
    '10000000-0000-0000-0000-000000000102'::uuid,
    'Bandra East'::varchar,
    640::numeric,
    65::numeric,
    (SELECT week_start FROM week),
    (SELECT week_end FROM week),
    true,
    'active'::varchar,
    2,
    true,
    'swiggy_mumbai_mid_summer_medium'::varchar,
    'order_demo_202'::varchar,
    'pay_demo_202'::varchar,
    NOW() - INTERVAL '14 hours',
    NOW() - INTERVAL '14 hours',
    NOW()
  UNION ALL
  SELECT
    '20000000-0000-0000-0000-000000000203'::uuid,
    '10000000-0000-0000-0000-000000000103'::uuid,
    'Connaught Place'::varchar,
    890::numeric,
    89::numeric,
    (SELECT week_start FROM week),
    (SELECT week_end FROM week),
    true,
    'active'::varchar,
    3,
    true,
    'zomato_delhi_veteran_summer_high'::varchar,
    'order_demo_203'::varchar,
    'pay_demo_203'::varchar,
    NOW() - INTERVAL '2 days',
    NOW() - INTERVAL '2 days',
    NOW()
  UNION ALL
  SELECT
    '20000000-0000-0000-0000-000000000204'::uuid,
    '10000000-0000-0000-0000-000000000105'::uuid,
    'T Nagar'::varchar,
    440::numeric,
    44::numeric,
    (SELECT week_start FROM week),
    (SELECT week_end FROM week),
    true,
    'active'::varchar,
    1,
    true,
    'zomato_chennai_mid_summer_medium'::varchar,
    'order_demo_204'::varchar,
    'pay_demo_204'::varchar,
    NOW() - INTERVAL '8 hours',
    NOW() - INTERVAL '8 hours',
    NOW()
  UNION ALL
  SELECT
    '20000000-0000-0000-0000-000000000205'::uuid,
    '10000000-0000-0000-0000-000000000101'::uuid,
    'Andheri West'::varchar,
    520::numeric,
    52::numeric,
    (SELECT prev_week_start FROM week),
    (SELECT prev_week_end FROM week),
    false,
    'expired'::varchar,
    2,
    true,
    'zomato_mumbai_veteran_summer_medium'::varchar,
    'order_demo_205'::varchar,
    'pay_demo_205'::varchar,
    NOW() - INTERVAL '9 days',
    NOW() - INTERVAL '9 days',
    NOW()
  UNION ALL
  SELECT
    '20000000-0000-0000-0000-000000000206'::uuid,
    '10000000-0000-0000-0000-000000000101'::uuid,
    'Andheri West'::varchar,
    470::numeric,
    47::numeric,
    (SELECT prev2_week_start FROM week),
    (SELECT prev2_week_end FROM week),
    false,
    'expired'::varchar,
    1,
    true,
    'zomato_mumbai_veteran_summer_medium'::varchar,
    'order_demo_206'::varchar,
    'pay_demo_206'::varchar,
    NOW() - INTERVAL '16 days',
    NOW() - INTERVAL '16 days',
    NOW()
  UNION ALL
  SELECT
    '20000000-0000-0000-0000-000000000207'::uuid,
    '10000000-0000-0000-0000-000000000104'::uuid,
    'Indiranagar'::varchar,
    430::numeric,
    43::numeric,
    (SELECT prev_week_start FROM week),
    (SELECT prev_week_end FROM week),
    false,
    'expired'::varchar,
    1,
    true,
    'swiggy_bangalore_new_summer_low'::varchar,
    'order_demo_207'::varchar,
    'pay_demo_207'::varchar,
    NOW() - INTERVAL '10 days',
    NOW() - INTERVAL '10 days',
    NOW()
  UNION ALL
  SELECT
    '20000000-0000-0000-0000-000000000208'::uuid,
    '10000000-0000-0000-0000-000000000102'::uuid,
    'Bandra East'::varchar,
    610::numeric,
    61::numeric,
    (SELECT prev2_week_start FROM week),
    (SELECT prev2_week_end FROM week),
    false,
    'expired'::varchar,
    2,
    true,
    'swiggy_mumbai_mid_summer_medium'::varchar,
    'order_demo_208'::varchar,
    'pay_demo_208'::varchar,
    NOW() - INTERVAL '17 days',
    NOW() - INTERVAL '17 days',
    NOW()
) seeded_policies
ON CONFLICT (id) DO UPDATE SET
  worker_id = EXCLUDED.worker_id,
  zone = EXCLUDED.zone,
  coverage_amount = EXCLUDED.coverage_amount,
  premium_paid = EXCLUDED.premium_paid,
  week_start = EXCLUDED.week_start,
  week_end = EXCLUDED.week_end,
  active = EXCLUDED.active,
  status = EXCLUDED.status,
  recommended_arm = EXCLUDED.recommended_arm,
  arm_accepted = EXCLUDED.arm_accepted,
  context_key = EXCLUDED.context_key,
  razorpay_order_id = EXCLUDED.razorpay_order_id,
  razorpay_payment_id = EXCLUDED.razorpay_payment_id,
  purchased_at = EXCLUDED.purchased_at,
  updated_at = NOW();

INSERT INTO disruption_events (
  id,
  trigger_type,
  city,
  zone,
  latitude,
  longitude,
  affected_hex_ids,
  trigger_value,
  disruption_hours,
  affected_worker_count,
  total_payout,
  status,
  event_start,
  event_end,
  created_at
)
VALUES
  (
    '30000000-0000-0000-0000-000000000301',
    'heavy_rainfall',
    'mumbai',
    'Andheri West',
    19.13640000,
    72.82960000,
    ARRAY[
      614187953641488383,
      614187953654071295,
      614187953645682687,
      614187953647779839,
      614187953643585535,
      614187953651974143,
      614187953649876991
    ]::bigint[],
    27.8,
    4,
    2,
    920,
    'active',
    NOW() - INTERVAL '3 hours',
    NULL,
    NOW() - INTERVAL '3 hours'
  ),
  (
    '30000000-0000-0000-0000-000000000302',
    'extreme_heat',
    'delhi',
    'Connaught Place',
    28.63150000,
    77.21670000,
    ARRAY[
      613573741886046207,
      613573741951057919,
      613573741890240511,
      613573741877657599,
      613573741888143359,
      613573741965737983,
      613573741946863615
    ]::bigint[],
    45.6,
    4,
    1,
    540,
    'processed',
    NOW() - INTERVAL '2 days',
    NOW() - INTERVAL '47 hours',
    NOW() - INTERVAL '2 days'
  ),
  (
    '30000000-0000-0000-0000-000000000303',
    'severe_aqi',
    'bangalore',
    'Indiranagar',
    12.97190000,
    77.64120000,
    ARRAY[
      614205418498949119,
      614205418496851967,
      614205418488463359,
      614205418490560511,
      614205418517823487,
      614205415927840767,
      614205415925743615
    ]::bigint[],
    332,
    5,
    1,
    330,
    'processed',
    NOW() - INTERVAL '10 days',
    NOW() - INTERVAL '239 hours',
    NOW() - INTERVAL '10 days'
  ),
  (
    '30000000-0000-0000-0000-000000000304',
    'curfew_strike',
    'mumbai',
    'Andheri West',
    19.13640000,
    72.82960000,
    ARRAY[
      614187953641488383,
      614187953654071295,
      614187953645682687,
      614187953647779839,
      614187953643585535,
      614187953651974143,
      614187953649876991
    ]::bigint[],
    1,
    8,
    1,
    360,
    'processed',
    NOW() - INTERVAL '9 days',
    NOW() - INTERVAL '214 hours',
    NOW() - INTERVAL '9 days'
  )
ON CONFLICT (id) DO UPDATE SET
  trigger_type = EXCLUDED.trigger_type,
  city = EXCLUDED.city,
  zone = EXCLUDED.zone,
  latitude = EXCLUDED.latitude,
  longitude = EXCLUDED.longitude,
  affected_hex_ids = EXCLUDED.affected_hex_ids,
  trigger_value = EXCLUDED.trigger_value,
  disruption_hours = EXCLUDED.disruption_hours,
  affected_worker_count = EXCLUDED.affected_worker_count,
  total_payout = EXCLUDED.total_payout,
  status = EXCLUDED.status,
  event_start = EXCLUDED.event_start,
  event_end = EXCLUDED.event_end;

INSERT INTO claims (
  id,
  worker_id,
  policy_id,
  disruption_event_id,
  trigger_type,
  payout_amount,
  disruption_hours,
  fraud_score,
  isolation_forest_score,
  gnn_fraud_score,
  graph_flags,
  bcs_score,
  status,
  notes,
  created_at,
  paid_at
)
VALUES
  (
    '40000000-0000-0000-0000-000000000401',
    '10000000-0000-0000-0000-000000000101',
    '20000000-0000-0000-0000-000000000201',
    '30000000-0000-0000-0000-000000000301',
    'heavy_rainfall',
    500,
    4,
    0.12,
    0.12,
    0.08,
    '[]'::jsonb,
    NULL,
    'paid',
    'Auto-approved and paid successfully',
    NOW() - INTERVAL '2 hours',
    NOW() - INTERVAL '95 minutes'
  ),
  (
    '40000000-0000-0000-0000-000000000402',
    '10000000-0000-0000-0000-000000000101',
    '20000000-0000-0000-0000-000000000205',
    '30000000-0000-0000-0000-000000000304',
    'curfew_strike',
    360,
    8,
    0.19,
    0.19,
    0.11,
    '[]'::jsonb,
    NULL,
    'paid',
    'Paid for full-shift curfew disruption',
    NOW() - INTERVAL '9 days',
    NOW() - INTERVAL '215 hours'
  ),
  (
    '40000000-0000-0000-0000-000000000403',
    '10000000-0000-0000-0000-000000000102',
    '20000000-0000-0000-0000-000000000202',
    '30000000-0000-0000-0000-000000000301',
    'heavy_rainfall',
    420,
    4,
    0.78,
    0.78,
    0.63,
    '["cell_tower_mismatch","platform_offline_at_event"]'::jsonb,
    34,
    'under_review',
    'Multiple anti-spoofing anomalies detected',
    NOW() - INTERVAL '95 minutes',
    NULL
  ),
  (
    '40000000-0000-0000-0000-000000000404',
    '10000000-0000-0000-0000-000000000103',
    '20000000-0000-0000-0000-000000000203',
    '30000000-0000-0000-0000-000000000302',
    'extreme_heat',
    540,
    4,
    0.17,
    0.17,
    0.12,
    '[]'::jsonb,
    NULL,
    'paid',
    'Heatwave payout completed',
    NOW() - INTERVAL '2 days',
    NOW() - INTERVAL '47 hours'
  ),
  (
    '40000000-0000-0000-0000-000000000405',
    '10000000-0000-0000-0000-000000000104',
    '20000000-0000-0000-0000-000000000207',
    '30000000-0000-0000-0000-000000000303',
    'severe_aqi',
    330,
    5,
    0.66,
    0.66,
    0.51,
    '["late_location_ping"]'::jsonb,
    41,
    'denied',
    'Denied after manual review',
    NOW() - INTERVAL '10 days',
    NULL
  )
ON CONFLICT (id) DO UPDATE SET
  worker_id = EXCLUDED.worker_id,
  policy_id = EXCLUDED.policy_id,
  disruption_event_id = EXCLUDED.disruption_event_id,
  trigger_type = EXCLUDED.trigger_type,
  payout_amount = EXCLUDED.payout_amount,
  disruption_hours = EXCLUDED.disruption_hours,
  fraud_score = EXCLUDED.fraud_score,
  isolation_forest_score = EXCLUDED.isolation_forest_score,
  gnn_fraud_score = EXCLUDED.gnn_fraud_score,
  graph_flags = EXCLUDED.graph_flags,
  bcs_score = EXCLUDED.bcs_score,
  status = EXCLUDED.status,
  notes = EXCLUDED.notes,
  created_at = EXCLUDED.created_at,
  paid_at = EXCLUDED.paid_at;

INSERT INTO payouts (
  id,
  claim_id,
  worker_id,
  amount,
  upi_vpa,
  razorpay_payout_id,
  razorpay_fund_account_id,
  status,
  created_at,
  processed_at
)
VALUES
  (
    '50000000-0000-0000-0000-000000000501',
    '40000000-0000-0000-0000-000000000401',
    '10000000-0000-0000-0000-000000000101',
    500,
    'arjun@okhdfcbank',
    'pout_demo_501',
    'fa_demo_501',
    'processed',
    NOW() - INTERVAL '2 hours',
    NOW() - INTERVAL '95 minutes'
  ),
  (
    '50000000-0000-0000-0000-000000000502',
    '40000000-0000-0000-0000-000000000402',
    '10000000-0000-0000-0000-000000000101',
    360,
    'arjun@okhdfcbank',
    'pout_demo_502',
    'fa_demo_502',
    'processed',
    NOW() - INTERVAL '9 days',
    NOW() - INTERVAL '215 hours'
  ),
  (
    '50000000-0000-0000-0000-000000000503',
    '40000000-0000-0000-0000-000000000404',
    '10000000-0000-0000-0000-000000000103',
    540,
    'sameer@okicici',
    'pout_demo_503',
    'fa_demo_503',
    'processed',
    NOW() - INTERVAL '2 days',
    NOW() - INTERVAL '47 hours'
  )
ON CONFLICT (id) DO UPDATE SET
  claim_id = EXCLUDED.claim_id,
  worker_id = EXCLUDED.worker_id,
  amount = EXCLUDED.amount,
  upi_vpa = EXCLUDED.upi_vpa,
  razorpay_payout_id = EXCLUDED.razorpay_payout_id,
  razorpay_fund_account_id = EXCLUDED.razorpay_fund_account_id,
  status = EXCLUDED.status,
  created_at = EXCLUDED.created_at,
  processed_at = EXCLUDED.processed_at;

INSERT INTO rl_shadow_log (
  id,
  worker_id,
  formula_premium,
  rl_premium,
  state_vector,
  action_value,
  formula_won,
  logged_at
)
VALUES
  (
    '60000000-0000-0000-0000-000000000601',
    '10000000-0000-0000-0000-000000000101',
    79,
    73,
    ARRAY[1.28, 1.20, 0.80, 0.20, 1.00, 0.00, 0.40, 1.10]::float8[],
    2.09,
    false,
    NOW() - INTERVAL '1 day'
  ),
  (
    '60000000-0000-0000-0000-000000000602',
    '10000000-0000-0000-0000-000000000102',
    65,
    68,
    ARRAY[1.16, 1.05, 0.75, 0.15, 0.90, 1.00, 0.40, 1.00]::float8[],
    1.94,
    true,
    NOW() - INTERVAL '14 hours'
  ),
  (
    '60000000-0000-0000-0000-000000000603',
    '10000000-0000-0000-0000-000000000103',
    89,
    84,
    ARRAY[1.34, 1.15, 0.90, 0.22, 1.10, 0.00, 0.40, 1.20]::float8[],
    2.40,
    false,
    NOW() - INTERVAL '2 days'
  )
ON CONFLICT (id) DO UPDATE SET
  worker_id = EXCLUDED.worker_id,
  formula_premium = EXCLUDED.formula_premium,
  rl_premium = EXCLUDED.rl_premium,
  state_vector = EXCLUDED.state_vector,
  action_value = EXCLUDED.action_value,
  formula_won = EXCLUDED.formula_won,
  logged_at = EXCLUDED.logged_at;
